modelo,MAE,RMSE,MAPE
modelo2,6.588560356646192,8.731699109512983,0.04142311946239517
modelo3,8.735139555244574,11.635351734024042,0.05492052915767408
modelo0,25.098382830682468,25.92424470507587,0.15920756098951863
modelo1,29.311593502677987,30.15732413366466,0.18600877497219878
