modelo,MAE,RMSE,MAPE
modelo2,4.093737476915202,5.070376562753472,0.026196485913890993
modelo3,5.236945202405238,6.393961543024594,0.03353341119131232
modelo0,26.62358468483843,27.37996964107415,0.16961641002780947
modelo1,29.85607533994094,30.86378425730135,0.19053411203137344
