modelo,MAE,RMSE,MAPE
modelo2,4.014590468033245,5.0125040855222665,0.02568230684935503
modelo3,4.970451579119995,6.012960129363034,0.0318126010280938
modelo0,26.673283971332868,27.449323772133297,0.16988294425985603
modelo1,29.743949752152034,30.778518774353252,0.18976229756883994
