modelo,MAE,RMSE,MAPE
modelo4,3.928491853809879,4.878819393378544,0.024990012653848023
modelo2,4.135793249599358,5.142804574358786,0.0264190108418356
modelo5,4.494973934835263,5.341208474184224,0.02851559012540555
modelo3,4.8746152211309095,5.971966646370021,0.031087783564224123
modelo0,26.325322496557504,27.121303474630665,0.16700021083226663
modelo1,29.124867587734837,30.138671791491724,0.18502256884101895
